Date,Portfolio
2016-01-05,0.0010740415510227897
2016-01-06,-0.00518604182706345
2016-01-07,-0.015697823241791156
2016-01-08,-0.007328327750239535
2016-01-11,-0.00284343999853409
2016-01-12,0.0038102004423989097
2016-01-13,-0.01054174221510735
2016-01-14,0.005088722743232264
2016-01-15,-0.01797918999027696
2016-01-19,0.0051029811629247
2016-01-20,-0.005747665298675854
2016-01-21,0.0019501740043297248
2016-01-22,0.017552351533116066
2016-01-25,-0.007446219302599719
2016-01-26,0.01132160052666993
2016-01-27,-0.005718217392635364
2016-01-28,0.005820899103163834
2016-01-29,0.019684675501334754
2016-02-01,-0.0007360077459081145
2016-02-02,-0.015594569759510343
2016-02-03,0.011787981467050034
2016-02-04,0.006367845023336974
2016-02-05,-0.008202806716892943
2016-02-08,-0.003690725800963845
2016-02-09,-0.0057834689191985445
2016-02-10,0.0046884905144669595
2016-02-11,0.002466299681317269
2016-02-12,0.008199441109112004
2016-02-16,0.004766667052812163
2016-02-17,0.013538126442975546
2016-02-18,0.0028271650941970503
2016-02-19,-0.00266457503166786
2016-02-22,0.00860942073222103
2016-02-23,-0.0078093768098723695
2016-02-24,0.001934066096279635
2016-02-25,0.00544634170472908
2016-02-26,-0.006702044109704675
2016-02-29,0.004159505680671555
2016-03-01,0.01685778839760292
2016-03-02,0.007715704272302485
2016-03-03,0.00888578394002516
2016-03-04,0.00639948896536117
2016-03-07,-0.00012921153168816006
2016-03-08,-0.008987136146010129
2016-03-09,0.0011758625100237047
2016-03-10,0.00400181384769859
2016-03-11,0.006904263289460841
2016-03-14,-0.004989201512993895
2016-03-15,-0.0050461336903926245
2016-03-16,0.01494262512600415
2016-03-17,0.00795247502812506
2016-03-18,0.002201108387471135
2016-03-21,-0.0010117166895272202
2016-03-22,0.0002669195328662301
2016-03-23,-0.012848046113300213
2016-03-24,-0.001425194130095
2016-03-28,0.00174168774060962
2016-03-29,0.014180059873713156
2016-03-30,0.00039973757829358473
2016-03-31,0.0009666526530446951
2016-04-01,0.00032701826288843
2016-04-04,-0.006898055797180991
2016-04-05,-0.00555640641937559
2016-04-06,0.006018640994217509
2016-04-07,-0.006279744104393365
2016-04-08,0.005308179939019529
2016-04-11,0.006801878988187134
2016-04-12,0.0073332155851392735
2016-04-13,0.007248443427253615
2016-04-14,-0.005685940562405342
2016-04-15,1.2028987383449932e-05
2016-04-18,0.0026492278280134
2016-04-19,0.008417411427072984
2016-04-20,-0.0037116823668677497
2016-04-21,-0.0039555717373362335
2016-04-22,-0.007883158591733044
2016-04-25,-0.0021888060139932147
2016-04-26,0.0037815903735522747
2016-04-27,0.0029209054288073747
2016-04-28,-0.0017276738379312646
2016-04-29,0.0019453600048490902
2016-05-02,-0.000159626113910675
2016-05-03,-0.012066763051555572
2016-05-04,-0.008506497763275306
2016-05-05,0.00020091197027571
2016-05-06,0.0037135413620504095
2016-05-09,-0.00883140441743983
2016-05-10,0.011216707496996025
2016-05-11,-0.0007117662762701047
2016-05-12,-0.004008050501941945
2016-05-13,-0.0061105315217496545
2016-05-16,0.006861342103562054
2016-05-17,-0.0038831258185685344
2016-05-18,-0.008687109551605475
2016-05-19,-0.0046269017485426845
2016-05-20,0.005825440805109725
2016-05-23,-0.0015429957029469898
2016-05-24,0.0036622166772711296
2016-05-25,0.005205507894247851
2016-05-26,0.002476753330982435
2016-05-27,-0.0008973709348275301
2016-05-31,0.001611074264504515
2016-06-01,0.00025561745923979065
2016-06-02,0.0037467822010130245
2016-06-03,0.01240970593446851
2016-06-06,0.0043431991784290596
2016-06-07,0.003039287667591555
2016-06-08,0.0074801369994674256
2016-06-09,-0.00246756633895219
2016-06-10,-0.010613584371702317
2016-06-13,-0.005074664421430359
2016-06-14,-0.0012709836982904897
2016-06-15,0.005287719276766494
2016-06-16,-0.002528541727389781
2016-06-17,0.0011819230508875048
2016-06-20,0.005484110029675809
2016-06-21,-0.0017412980376008452
2016-06-22,0.0005686405521865651
2016-06-23,0.00963197287421406
2016-06-24,-0.019094582463766448
2016-06-27,-0.0064379496101936145
2016-06-28,0.013609711753460903
2016-06-29,0.014181525407963757
2016-06-30,0.008855444719472087
2016-07-01,0.009596107858469635
2016-07-05,-0.0062491056947994
2016-07-06,0.00281642406634423
2016-07-07,-0.0015314332659103985
2016-07-08,0.014237055845277485
2016-07-11,0.0014659174018357194
2016-07-12,0.0009002676562857447
2016-07-13,0.0024819151503513454
2016-07-14,0.00348158230668292
2016-07-15,-0.0030536820600497103
2016-07-18,0.004816194724289515
2016-07-19,-0.00341799575073973
2016-07-20,-2.207324468926999e-05
2016-07-21,0.001993333907306005
2016-07-22,0.002132532237379775
2016-07-25,-0.0057348375160383115
2016-07-26,0.00419430994011909
2016-07-27,0.007279965785992101
2016-07-28,-0.0001153224022176951
2016-07-29,0.00581078607694439
2016-08-01,-0.0006350877035590551
2016-08-02,-0.0036475641898932347
2016-08-03,0.0009665978773038449
2016-08-04,0.0036994995018344956
2016-08-05,0.0011401130647204541
2016-08-08,0.00219238819563038
2016-08-09,0.004797586778684045
2016-08-10,0.0008925038908396802
2016-08-11,0.003198218379660754
2016-08-12,-0.0010234194116175849
2016-08-15,0.004608937930721344
2016-08-16,-0.002219108646086765
2016-08-17,-0.0010280731666147296
2016-08-18,0.004971380447845975
2016-08-19,-0.00494941176980888
2016-08-22,-0.004108685047114664
2016-08-23,-0.0007800916482821349
2016-08-24,-0.00382626549138026
2016-08-25,-0.00066199337291352
2016-08-26,-0.004038409626199624
2016-08-29,0.00542165363676799
2016-08-30,-0.0045945418822454405
2016-08-31,-0.004845223430707714
2016-09-01,0.004195241834493746
2016-09-02,0.00854340811023315
2016-09-06,0.013707877212196004
2016-09-07,-0.0019533451034364135
2016-09-08,-0.00473420786709965
2016-09-09,-0.0227650881513402
2016-09-12,0.00691505848244823
2016-09-13,-0.01524516593936361
2016-09-14,0.002726949410722015
2016-09-15,0.007715029300825184
2016-09-16,-0.0028553485193511647
2016-09-19,0.0023355564954959593
2016-09-20,0.001068274230087286
2016-09-21,0.017227242880989254
2016-09-22,0.005999106901611585
2016-09-23,-0.006250811333040185
2016-09-26,-0.007195813316720744
2016-09-27,0.00627236753026246
2016-09-28,0.0031379585056673797
2016-09-29,-0.008639134604680035
2016-09-30,0.00199030028226875
2016-10-03,0.00087744076602235
2016-10-04,-0.014923029610301083
2016-10-05,0.005365626766088376
2016-10-06,-0.00258205184437745
2016-10-07,-0.0021848402220419247
2016-10-10,0.005796325704470605
2016-10-11,-0.01373755953580978
2016-10-12,-9.511713988712497e-05
2016-10-13,-0.0031723247544754698
2016-10-14,-0.001983785272213245
2016-10-17,-6.278028939004916e-06
2016-10-18,0.010252730762484893
2016-10-19,0.004038656649642011
2016-10-20,-0.002140512470968105
2016-10-21,0.000873078590585365
2016-10-24,0.002919565579149695
2016-10-25,0.001532828876375975
2016-10-26,-0.007129463591982669
2016-10-27,-0.004734397962770465
2016-10-28,-0.001855058161206615
2016-10-31,0.0032012427652504108
2016-11-01,-0.003439891456115799
2016-11-02,-0.004036275807793279
2016-11-03,-0.002569340503042755
2016-11-04,-0.0032051345964267995
2016-11-07,0.013837388125410348
2016-11-08,0.0024471996847675545
2016-11-09,-0.013813892174800824
2016-11-10,-0.017395668751491403
2016-11-11,-0.013161854855573179
2016-11-14,-0.006669804852270421
2016-11-15,0.012861810229597925
2016-11-16,-0.0021569850179344444
2016-11-17,-0.0004104991481370802
2016-11-18,-0.005006831522962084
2016-11-21,0.00728356934609158
2016-11-22,0.005898736018039709
2016-11-23,-0.009689739088797666
2016-11-25,0.0014612200336173546
2016-11-28,0.0037019897014315796
2016-11-29,0.0005555132119924901
2016-11-30,-0.006606267731015481
2016-12-01,-0.00886358884336279
2016-12-02,0.002843564496340095
2016-12-05,0.00348929237659236
2016-12-06,0.0023850809372752348
2016-12-07,0.011433182945592209
2016-12-08,0.00040800446638978465
2016-12-09,-0.0036457095627074948
2016-12-12,-0.002045325463120635
2016-12-13,0.006272328314508199
2016-12-14,-0.016934969264287076
2016-12-15,-0.0014942348046882254
2016-12-16,-0.00102235919554665
2016-12-19,0.0008578828020152152
2016-12-20,3.872702761244847e-06
2016-12-21,-0.0014088108032576149
2016-12-22,-0.005651129591493154
2016-12-23,0.003359619838041195
2016-12-27,0.0038041394544624193
2016-12-28,0.00163473919395744
2016-12-29,0.009074438296746375
2016-12-30,-0.00598385982446392
2017-01-03,0.009034085496567276
2017-01-04,0.005624995713899254
2017-01-05,0.009932113695464179
2017-01-06,-0.00238474907088102
2017-01-09,0.00255220568377376
2017-01-10,0.003368536178030945
2017-01-11,0.006076964964742155
2017-01-12,0.0015999444156804602
2017-01-13,0.0007507889527348999
2017-01-17,0.0034341817557399157
2017-01-18,-0.0046913572731184
2017-01-19,-0.002593339366723685
2017-01-20,0.00196174980777268
2017-01-23,0.007480441940850719
2017-01-24,0.0023230466012514944
2017-01-25,0.0033007213063823092
2017-01-26,-0.0034867044783887303
2017-01-27,0.00119832514887622
2017-01-30,-0.003225710607917095
2017-01-31,0.004478383712552811
2017-02-01,-9.998329193629013e-05
2017-02-02,0.0028061353880204044
2017-02-03,0.004182745773958465
2017-02-06,0.0030354599052696196
2017-02-07,-0.0009942754176276336
2017-02-08,0.00548709766356408
2017-02-09,-6.481457117396517e-05
2017-02-10,0.0049080496786704855
2017-02-13,0.00073516961098404
2017-02-14,0.00101848100203659
2017-02-15,0.00512897816744653
2017-02-16,0.00043943387100159526
2017-02-17,-0.0008274832171359798
2017-02-21,0.005410809736531946
2017-02-22,0.001510575279645835
2017-02-23,0.002100220553188395
2017-02-24,-0.0009841361366309598
2017-02-27,-0.002480893193913515
2017-02-28,-0.0036574302162960303
2017-03-01,0.007061786560745863
2017-03-02,-0.011414533181778984
2017-03-03,0.0031484862039101594
2017-03-06,-0.0027615462495686046
2017-03-07,-0.0026601240422912354
2017-03-08,-0.0054258421519160355
2017-03-09,-0.004563895170873134
2017-03-10,0.005938514695820025
2017-03-13,0.004583544527667605
2017-03-14,-0.00381874775439289
2017-03-15,0.017068751782384047
2017-03-16,0.0022547651165602646
2017-03-17,0.00024602915696766503
2017-03-20,0.005563074603571029
2017-03-21,-0.005098965592025049
2017-03-22,0.00405477539578098
2017-03-23,-0.00092915334208078
2017-03-24,0.0018380010893547399
2017-03-27,0.0009777153031788552
2017-03-28,0.0012741136417086648
2017-03-29,0.002651912219695315
2017-03-30,-0.0037408140547717855
2017-03-31,-0.002113270358127485
2017-04-03,0.00392425929931871
2017-04-04,0.0005311660099726647
2017-04-05,-0.0018152747240516647
2017-04-06,-0.001189546200586915
2017-04-07,-0.0006728259805857751
2017-04-10,-0.0008164268666956298
2017-04-11,0.00290655198557957
2017-04-12,0.00268310392376852
2017-04-13,-0.0015974549186984499
2017-04-17,0.0051641558664775695
2017-04-18,-0.0026466235059359744
2017-04-19,-0.0049694749571799505
2017-04-20,0.006851924902486799
2017-04-21,0.00020366531001911014
2017-04-24,0.006196290545265384
2017-04-25,0.0012561755319561946
2017-04-26,0.00015983164905863522
2017-04-27,-0.00037916163051695504
2017-04-28,0.00147112192586756
2017-05-01,0.0005878450079213397
2017-05-02,0.003286813044580175
2017-05-03,-0.006447878144766591
2017-05-04,-0.006726964865936359
2017-05-05,0.0045827475394570796
2017-05-08,-0.0008870472371115751
2017-05-09,0.003286429310837921
2017-05-10,0.00253294140613928
2017-05-11,0.00133135655524477
2017-05-12,0.00299106149809935
2017-05-15,0.005240117504433819
2017-05-16,0.002280192599240955
2017-05-17,-0.006609484434544629
2017-05-18,-0.005888880055785705
2017-05-19,0.010470364369256455
2017-05-22,0.003126245904860445
2017-05-23,-0.0014426089737837851
2017-05-24,0.00393950347160847
2017-05-25,0.0034344105417572998
2017-05-26,0.003873306447358615
2017-05-30,-0.002190832343768475
2017-05-31,-0.0015520172274410648
2017-06-01,0.004949281589136579
2017-06-02,0.00697989899273235
2017-06-05,-0.00093749865250725
2017-06-06,0.0024312034248902253
2017-06-07,-0.0013582173580452901
2017-06-08,0.00042046778036582973
2017-06-09,-0.00915178374457341
2017-06-12,-0.00309781602541733
2017-06-13,0.0038964375992592503
2017-06-14,-0.0007690318555507148
2017-06-15,-0.00579814682604638
2017-06-16,0.00021521888121751992
2017-06-19,0.005139049549241334
2017-06-20,-0.0057209468263582
2017-06-21,0.0031309165553912994
2017-06-22,0.002736061915516605
2017-06-23,0.00363701585853424
2017-06-26,0.0008784558609388252
2017-06-27,-0.008201583111770334
2017-06-28,0.006035745894193585
2017-06-29,-0.01048816694984674
2017-06-30,0.00107820436368049
2017-07-03,-0.0037554582425696707
2017-07-05,0.002090232059477195
2017-07-06,-0.007911912644824305
2017-07-07,9.163837506979489e-05
2017-07-10,0.0049991118775718005
2017-07-11,0.003659468653413825
2017-07-12,0.01117334603268841
2017-07-13,0.0012161937768233348
2017-07-14,0.00841817214703848
2017-07-17,-0.00017414893029244995
2017-07-18,0.00474061427709094
2017-07-19,0.004558665714617829
2017-07-20,0.00049060610129066
2017-07-21,0.002133414441394335
2017-07-24,0.00140432417933399
2017-07-25,-0.003029492247940625
2017-07-26,0.005539996792929438
2017-07-27,-0.0036804880321583498
2017-07-28,0.00200117649931334
2017-07-31,-7.753105260555507e-05
2017-08-01,0.002208968314234925
2017-08-02,0.0003358641427653399
2017-08-03,-0.0008883585935638998
2017-08-04,-0.0009879448943796902
2017-08-07,0.0034261318170287847
2017-08-08,-0.00017956229215018002
2017-08-09,0.0001693162505489636
2017-08-10,-0.011084296419444905
2017-08-11,0.00340249491518933
2017-08-14,0.004675931657242685
2017-08-15,-0.00186791073214264
2017-08-16,0.006330130711715619
2017-08-17,-0.0079399303728238
2017-08-18,0.0022255709456675344
2017-08-21,0.0023891615813180947
2017-08-22,0.006211326460447085
2017-08-23,0.0021976843676827598
2017-08-24,-0.0008390686237919451
2017-08-25,0.0033683634731065852
2017-08-28,0.003099492717337621
2017-08-29,-8.58913552024749e-05
2017-08-30,0.0028572494917045352
2017-08-31,0.006260615948824385
2017-09-01,0.0022821991336090196
2017-09-05,-0.0027013592935210646
2017-09-06,0.0013429386839305295
2017-09-07,0.006505292929856924
2017-09-08,-0.004341653621575916
2017-09-11,0.0032525327027676043
2017-09-12,0.00068428182682422
2017-09-13,-0.0038552223078039153
2017-09-14,0.0014995620466940751
2017-09-15,0.0015829050140204349
2017-09-18,-0.0015699833103261954
2017-09-19,0.0014478300629145499
2017-09-20,-0.003959152996493085
2017-09-21,-0.003287601554588975
2017-09-22,-0.0006907643194265349
2017-09-25,-0.004657589322338685
2017-09-26,-0.0034516369327760297
2017-09-27,-0.00321696896581709
2017-09-28,6.5125310704785e-05
2017-09-29,0.0045418216374833896
2017-10-02,-0.0009930070940737548
2017-10-03,0.006361303969943095
2017-10-04,0.0009554087899621818
2017-10-05,0.0032291337277226195
2017-10-06,-0.0008306389579411698
2017-10-09,0.00169994392672791
2017-10-10,0.004759741662502835
2017-10-11,0.0032626815790964396
2017-10-12,-2.0216257842869923e-05
2017-10-13,0.00652712876660584
2017-10-16,-0.00130400690272659
2017-10-17,-0.00309529800277845
2017-10-18,-0.0008103574217239401
2017-10-19,-0.0019632499085408947
2017-10-20,-0.0002006519735900553
2017-10-23,-0.0038092556709120894
2017-10-24,-0.001071552102965815
2017-10-25,-0.0025145475429069848
2017-10-26,-0.005107265234888206
2017-10-27,0.01241121750072601
2017-10-30,-0.00100176967165706
2017-10-31,0.00314458102778945
2017-11-01,0.003313444976821965
2017-11-02,0.0008281863688468401
2017-11-03,-0.0007799917813767448
2017-11-06,0.00714475319119935
2017-11-07,-0.0027510015372586845
2017-11-08,0.003151419408016885
2017-11-09,-0.0027699438092930696
2017-11-10,-0.00513984348820636
2017-11-13,0.00014816650790949498
2017-11-14,-0.0020647485439903497
2017-11-15,-0.0025227974458995853
2017-11-16,0.009491627286242525
2017-11-17,0.004435523238166064
2017-11-20,-0.00128538982288911
2017-11-21,0.00798012499548932
2017-11-22,0.003546929043985485
2017-11-24,-0.0007470154864223301
2017-11-27,-0.004417283954149731
2017-11-28,0.00458727501724121
2017-11-29,-0.010879557611321675
2017-11-30,-0.0035590529368258452
2017-12-01,-0.0005806684015236547
2017-12-04,-0.0020304656169937403
2017-12-05,-0.0019551109109503797
2017-12-06,-0.00423055573479708
2017-12-07,-0.002114825614746665
2017-12-08,0.005524793869589499
2017-12-11,0.0021589242121307
2017-12-12,-0.0020387074694353242
2017-12-13,0.007342282992762374
2017-12-14,-0.0033742099663796993
2017-12-15,0.004596013163616905
2017-12-18,0.006355859523988065
2017-12-19,-0.0044407645818253395
2017-12-20,-0.0002282557817554101
2017-12-21,0.00354682606424473
2017-12-22,0.0041791790934920855
2017-12-26,0.0007128125217423101
2017-12-27,0.0032317884476701104
2017-12-28,0.004064549999938424
2017-12-29,0.0019204728117243352
2018-01-02,0.01215395175012928
2018-01-03,0.00555054477825643
2018-01-04,0.003884681170649725
2018-01-05,0.0049550753398336055
2018-01-08,0.0007529908007156101
2018-01-09,-0.002728127899005644
2018-01-10,-0.0023203401342885596
2018-01-11,0.005490765495011984
2018-01-12,0.008591397793692895
2018-01-16,-0.0014586295078185298
2018-01-17,0.005446491487010325
2018-01-18,-0.00129413856323095
2018-01-19,0.004590292210029206
2018-01-22,0.00536970206762642
2018-01-23,0.0048749966813056
2018-01-24,0.00438856592011051
2018-01-25,-0.0010512032475362798
2018-01-26,0.008636074375102524
2018-01-29,-0.009185505018250814
2018-01-30,-0.00926635057893445
2018-01-31,0.005985316803686225
2018-02-01,-0.006854389881977279
2018-02-02,-0.019642937836407998
2018-02-05,-0.023362915581465603
2018-02-06,0.014795247151374593
2018-02-07,-0.01611017226998636
2018-02-08,-0.024273005188698377
2018-02-09,0.009298178778595956
2018-02-12,0.011925624329436483
2018-02-13,0.0056651878146237004
2018-02-14,0.016563869068618186
2018-02-15,0.012406735558612506
2018-02-16,-0.00203457233045047
2018-02-20,-0.009302144336665347
2018-02-21,-0.0038475574603616604
2018-02-22,0.0019606018855496347
2018-02-23,0.012154418925217745
2018-02-26,0.007578390024621235
2018-02-27,-0.016855587205825175
2018-02-28,-0.007184513001192099
2018-03-01,-0.00520311274800898
2018-03-02,0.00412259847459679
2018-03-05,0.0031962379327057045
2018-03-06,0.007040279810707489
2018-03-07,-0.0010644876861780601
2018-03-08,0.00159684866263356
2018-03-09,0.012447887980364399
2018-03-12,0.0020248139475902496
2018-03-13,-0.005219128290587389
2018-03-14,0.00048623513413720515
2018-03-15,-0.0031658499799294697
2018-03-16,-0.002025133694843955
2018-03-19,-0.008844853777445805
2018-03-20,0.00308239104619549
2018-03-21,0.00554910045896677
2018-03-22,-0.019413293786850937
2018-03-23,-0.011265056324166361
2018-03-26,0.021612711843986134
2018-03-27,-0.014409574670996883
2018-03-28,-0.0071622955937089
2018-03-29,0.012482753660152595
2018-04-02,-0.010927408840925378
2018-04-03,0.0043742733343979795
2018-04-04,0.004179437064535495
2018-04-05,0.0008699766688881847
2018-04-06,-0.011843763995116986
2018-04-09,0.003172801345212265
2018-04-10,0.012815247023237955
2018-04-11,0.0007834161004985853
2018-04-12,-0.0007810279142019351
2018-04-13,-0.0028681660065271904
2018-04-16,0.00319436955128591
2018-04-17,0.006032352324070375
2018-04-18,0.00280375856284035
2018-04-19,-0.00556852724254721
2018-04-20,-0.010717038549313994
2018-04-23,-0.00520423015683148
2018-04-24,-0.006138181039141489
2018-04-25,-0.004462058273721809
2018-04-26,0.009489486389959148
2018-04-27,0.004214081321391504
2018-04-30,-0.00639609488767741
2018-05-01,-0.0018812523945768394
2018-05-02,-0.00491399585393632
2018-05-03,0.0006116236469661102
2018-05-04,0.00700948116852487
2018-05-07,-0.000392900222581975
2018-05-08,0.0017598825959413995
2018-05-09,0.002624560855563295
2018-05-10,0.012672491705399094
2018-05-11,-0.00038261315332865014
2018-05-14,-0.0007811644728093251
2018-05-15,-0.015224208928654998
2018-05-16,0.006077238050829615
2018-05-17,-0.006450641318503545
2018-05-18,-0.0031442246522822
2018-05-21,0.004278054842003385
2018-05-22,0.00029591305318879486
2018-05-23,0.0025113815418475152
2018-05-24,0.0006879754271923204
2018-05-25,0.001078330834458645
2018-05-29,-0.008510888380974755
2018-05-30,0.005518140393286195
2018-05-31,-0.001884387880451965
2018-06-01,0.00689893893876552
2018-06-04,0.00462151097650774
2018-06-05,-0.0009169150707893698
2018-06-06,0.00668650046280073
2018-06-07,-0.005786100318962634
2018-06-08,-0.0002234439035200746
2018-06-11,0.0008654053374728549
2018-06-12,-0.0007350674172916499
2018-06-13,-0.002142071697089885
2018-06-14,0.0007281171342211249
2018-06-15,-0.007567439154702345
2018-06-18,-0.005243519477754545
2018-06-19,-0.00494678460161414
2018-06-20,0.0008285479351859799
2018-06-21,-0.007121742975056024
2018-06-22,0.004139345993434192
2018-06-25,-0.010920546839632238
2018-06-26,-0.0016092033447795899
2018-06-27,-0.010589667943148414
2018-06-28,0.004368480369298374
2018-06-29,0.006389697706373209
2018-07-02,-0.0047671733074720595
2018-07-03,0.0010222243695342205
2018-07-05,0.0032989539242413903
2018-07-06,0.00829554106833873
2018-07-09,0.008884739688471033
2018-07-10,-0.0006143722804765134
2018-07-11,-0.011100658135227193
2018-07-12,0.0096919057672442
2018-07-13,-0.00036701518522265004
2018-07-16,-0.002958603074552655
2018-07-17,0.0011700826649985998
2018-07-18,-0.0007046237169397701
2018-07-19,-0.0060980551437197494
2018-07-20,0.005145602408334059
2018-07-23,-0.0040064764282458
2018-07-24,0.0068912873332215
2018-07-25,0.010212581998539066
2018-07-26,-0.008702446006328355
2018-07-27,-0.0015056754009939951
2018-07-30,-0.00420166715324644
2018-07-31,0.0050370370980346146
2018-08-01,-0.005474015390439799
2018-08-02,-0.0030400082777721545
2018-08-03,0.0051700223616231
2018-08-06,-0.0025006687548957
2018-08-07,0.004658696586186155
2018-08-08,0.000442579350835
2018-08-09,-0.0008571327750397548
2018-08-10,-0.00908011403427041
2018-08-13,-0.01053760952540736
2018-08-14,0.004045789808075245
2018-08-15,-0.016801922507366635
2018-08-16,0.0036765591068972443
2018-08-17,0.006659082048724525
2018-08-20,0.00367178295852313
2018-08-21,0.00572457413147288
2018-08-22,0.00419942802401887
2018-08-23,-0.008338917473408489
2018-08-24,0.01324753448946895
2018-08-27,0.008034504049837824
2018-08-28,-0.00357867381420728
2018-08-29,0.005948359941835489
2018-08-30,-0.011136195485917353
2018-08-31,0.0014689606976106264
2018-09-04,-0.009640628137661034
2018-09-05,-0.006839485530139259
2018-09-06,-0.0006119144156661797
2018-09-07,-0.004171061888492635
2018-09-10,-0.00251398721438094
2018-09-11,0.0018004834962783304
2018-09-12,0.00369616486805293
2018-09-13,0.006428018175324964
2018-09-14,-0.002858472134739095
2018-09-17,-0.004854755753232569
2018-09-18,0.0039723808521871145
2018-09-19,0.005216649710489284
2018-09-20,0.008020670804707034
2018-09-21,-0.0010916042848884598
2018-09-24,-0.004372728938017725
2018-09-25,0.0017472233892788652
2018-09-26,-0.00023345049824264501
2018-09-27,0.0012351767203801348
2018-09-28,-0.00105856982729236
2018-10-01,-0.00025015275911138016
2018-10-02,-0.0013766158862229595
2018-10-03,-0.00540061454276932
2018-10-04,-0.01351303388885012
2018-10-05,-0.004129727172921545
2018-10-08,-0.0035250788218394702
2018-10-09,0.0001200394254118253
2018-10-10,-0.02177450345725065
2018-10-11,-0.0012214951207607588
2018-10-12,0.01478257503693088
2018-10-15,-0.004805840156177929
2018-10-16,0.016014120734738062
2018-10-17,-0.004839587705462353
2018-10-18,-0.014770099271654983
2018-10-19,0.003034079752103655
2018-10-22,0.00308897578842371
2018-10-23,-0.0033988600181772445
2018-10-24,-0.021793086205340564
2018-10-25,0.013475920178680994
2018-10-26,-0.009224440909890564
2018-10-29,-0.011283136869424134
2018-10-30,0.009811973640616844
2018-10-31,0.00693608527527445
2018-11-01,0.01913321095087474
2018-11-02,-0.0022177275620625103
2018-11-05,0.0011859451970283401
2018-11-06,0.0007070016549530799
2018-11-07,0.014456423083660127
2018-11-08,-0.010980298540584788
2018-11-09,-0.012634988349584774
2018-11-12,-0.013544342590361403
2018-11-13,0.003862876246155769
2018-11-14,0.00205196741676849
2018-11-15,0.012113824841912377
2018-11-16,0.002969188555826535
2018-11-19,-0.01186333643631736
2018-11-20,-0.01310459952236038
2018-11-21,0.00843435514588927
2018-11-23,-0.006299157997183655
2018-11-26,0.009612125188530435
2018-11-27,0.0020540031025856097
2018-11-28,0.016893279801785753
2018-11-29,-0.002697734788110435
2018-11-30,0.001596562352355055
2018-12-03,0.014155964751954284
2018-12-04,-0.015139794158788335
2018-12-06,-0.0020736192518280745
2018-12-07,-0.012964492355926654
2018-12-10,-0.0023151087534175395
2018-12-11,0.00286635076113155
2018-12-12,0.00782778152250878
2018-12-13,-0.000881315514126675
2018-12-14,-0.012121546713091439
2018-12-17,-0.0073719366181123945
2018-12-18,0.004334775182379675
2018-12-19,-0.012069639160370014
2018-12-20,0.001525565880726405
2018-12-21,-0.011381721766586314
2018-12-24,-0.007851389221328936
2018-12-26,0.02155239739671219
2018-12-27,0.00318726508653522
2018-12-28,0.0048957065323235
2018-12-31,0.0017299074854748003
2019-01-02,0.0023426963660356
2019-01-03,-0.011621256594750908
2019-01-04,0.019141341989650437
2019-01-07,0.004314028925078965
2019-01-08,0.0031295516593838344
2019-01-09,0.00952830339452068
2019-01-10,0.0013238645501127745
2019-01-11,-0.0013853357583011898
2019-01-14,-0.0049615510740447545
2019-01-15,0.00623169513132837
2019-01-16,0.005510260452491276
2019-01-17,0.00353617986137663
2019-01-18,0.00238266971183813
2019-01-22,-0.009631617279834031
2019-01-23,0.0036980829649130745
2019-01-24,0.004687910584327486
2019-01-25,0.010784824522239765
2019-01-28,-0.005903247087866185
2019-01-29,0.0008646934050771948
2019-01-30,0.015009616626630598
2019-01-31,0.00745253416897909
2019-02-01,-0.004441701920549675
2019-02-04,0.0019418433822227044
2019-02-05,0.007837528429576064
2019-02-06,-0.007080161136983835
2019-02-07,-0.00573091879743044
2019-02-08,-0.00013600291687904483
2019-02-11,-0.0028473287638639297
2019-02-12,0.007292118542199405
2019-02-13,-0.00326547315029718
2019-02-14,0.00247830320594311
2019-02-15,0.003399312168464995
2019-02-19,0.007320340529759814
2019-02-20,0.0015295407755333695
2019-02-21,-0.005563737152350491
2019-02-22,0.007368151481013625
2019-02-25,0.004075657251060795
2019-02-26,-0.00024788577946736
2019-02-27,-0.00607593133205182
2019-02-28,-0.006962316454596039
2019-03-01,-0.00283794213936373
2019-03-04,9.654739095300998e-05
2019-03-05,0.003883116360978585
2019-03-06,-0.0035844840839622696
2019-03-07,-0.009202975089256594
2019-03-08,0.00010142178611903004
2019-03-11,0.01022216331390143
2019-03-12,0.005404575353422939
2019-03-13,0.004076170468888365
2019-03-14,-0.0058697572048530405
2019-03-15,0.008999051920849169
2019-03-18,0.004862707525324815
2019-03-19,0.001169012842515135
2019-03-20,0.00335965360161327
2019-03-21,0.00370332727510788
2019-03-22,-0.014521949509156695
2019-03-25,0.002493774863483945
2019-03-26,0.001563311037254585
2019-03-27,-0.005942388276264584
2019-03-28,1.224095781481e-05
2019-03-29,0.005811578153096125
2019-04-01,0.0070687467804942195
2019-04-02,0.0006249031400688801
2019-04-03,0.00226164983765994
2019-04-04,0.003410044550331435
2019-04-05,0.004051409618219505
2019-04-08,0.0012240249050866898
2019-04-09,-0.00039079941010901483
2019-04-10,0.00398035031448282
2019-04-11,-0.007999270046281166
2019-04-12,0.0032316020289705
2019-04-15,-0.0021135189910359204
2019-04-16,0.0003423382006957546
2019-04-17,0.0007395491771022201
2019-04-18,0.00096091011855611
2019-04-22,-0.002213688562035345
2019-04-23,0.0037207426801430347
2019-04-24,-0.00403227497129512
2019-04-25,9.681156996765996e-05
2019-04-26,0.004182306839192985
2019-04-29,-0.000511841649759985
2019-04-30,-0.00013352797962538476
2019-05-01,-0.00549844902522955
2019-05-02,-0.00160899409158768
2019-05-03,0.009733516739676994
2019-05-06,-0.008211648083067655
2019-05-07,-0.010824711356207124
2019-05-08,-0.00213513095432792
2019-05-09,-0.00583105574169921
2019-05-10,0.0033666704040157345
2019-05-13,-0.01766444186531413
2019-05-14,0.007146783455193639
2019-05-15,0.004128995981108535
2019-05-16,-0.0009567410011567298
2019-05-17,-0.010437022500913874
2019-05-20,-0.005256212898067629
2019-05-21,0.006586146696537569
2019-05-22,-0.00253562837355301
2019-05-23,-0.005643233734500269
2019-05-24,0.000968985546340315
2019-05-28,-0.00099557406770512
2019-05-29,0.0003988491273438949
2019-05-30,0.00548815761486536
2019-05-31,0.0013492459441233205
2019-06-03,0.0036941996800261495
2019-06-04,0.007085465876448186
2019-06-05,-0.00034068121873933504
2019-06-06,0.00346826966756047
2019-06-07,0.009360808073008129
2019-06-10,0.0026140863873683
2019-06-11,0.0038614458989623445
2019-06-12,-0.0035263192037055893
2019-06-13,0.00278347171166639
2019-06-14,-0.004528186975665115
2019-06-17,0.002353214090293925
2019-06-18,0.013849074072822385
2019-06-19,0.00546247283195887
2019-06-20,0.014388982251157015
2019-06-21,-0.0010358403743741548
2019-06-24,0.00375787940309769
2019-06-25,-0.006906062990057875
2019-06-26,0.0008987812118258795
2019-06-27,0.004012944247822645
2019-06-28,0.0010825276858199401
2019-07-01,0.002377538836833764
2019-07-02,0.00614760812636257
2019-07-03,0.00279438932299416
2019-07-05,-0.007052325684038255
2019-07-08,-0.005485882738157335
2019-07-09,0.0007047275843324851
2019-07-10,0.008515680348718996
2019-07-11,-0.0038750226297317447
2019-07-12,0.003452070937974785
2019-07-15,0.0024084169676243244
2019-07-16,-0.00417063630171337
2019-07-17,0.00233197500640881
2019-07-18,0.006350930258418848
2019-07-19,-0.007675031595617084
2019-07-22,0.0017909440457065846
2019-07-23,0.0004908771742221046
2019-07-24,0.004024364519012345
2019-07-25,-0.007507415898765345
2019-07-26,0.003924403693004819
2019-07-29,0.0002445081323077051
2019-07-30,-0.0026601900605124646
2019-07-31,-0.010568430433754048
2019-08-01,-0.0010976570406756453
2019-08-02,-0.006829373299790405
2019-08-05,-0.01798359797306955
2019-08-06,0.011977655744600638
2019-08-07,0.006288178232850155
2019-08-08,0.011897452609463335
2019-08-09,-0.0070531414498656
2019-08-12,-0.0033312357314878387
2019-08-13,0.008143602834794395
2019-08-14,-0.015359002945863875
2019-08-15,0.005328381356337545
2019-08-16,0.0069884706149241985
2019-08-19,0.001194887949568645
2019-08-20,0.00135443106986198
2019-08-21,0.0044076618215965245
2019-08-22,-0.00639545663438837
2019-08-23,-0.0074954045942784795
2019-08-26,0.005405100334668039
2019-08-27,0.003627404907587695
2019-08-28,0.001989419586196885
2019-08-29,0.005885742319184979
2019-08-30,0.0016684349875791293
2019-09-03,-0.0009435605947032096
2019-09-04,0.011370760811934971
2019-09-05,0.0006801987659254747
2019-09-06,6.683706664713024e-05
2019-09-09,-0.0018644995666324603
2019-09-10,-0.00413073038676359
2019-09-11,0.006240777454319665
2019-09-12,0.0035061494903963247
2019-09-13,-0.0028793569235907954
2019-09-16,-0.0005357993711861194
2019-09-17,0.002133312623317365
2019-09-18,-0.00254798096578299
2019-09-19,0.0001216285551130372
2019-09-20,0.0022811400763869958
2019-09-23,0.00174131940381148
2019-09-24,-0.00438775648123281
2019-09-25,-0.0038493027803574655
2019-09-26,-0.00038064683412119985
2019-09-27,-0.00826302319137468
2019-09-30,0.000423199587475445
2019-10-01,-0.0038506795266401695
2019-10-02,-0.00481341065230253
2019-10-03,0.00938994248458166
2019-10-04,0.006485703577267556
2019-10-07,-0.006992109334090221
2019-10-08,-0.004672876562145675
2019-10-09,0.005216575925942549
2019-10-10,0.002073449635209025
2019-10-11,0.0064122255469888645
2019-10-14,2.566332984558009e-05
2019-10-15,0.0035111846219973842
2019-10-16,0.0019368497942777898
2019-10-17,0.00227955627761247
2019-10-18,-0.00420265711694741
2019-10-21,0.0035413170679375297
2019-10-22,-0.00012697014432626482
2019-10-23,0.0014954290149121149
2019-10-24,0.0032687997941848353
2019-10-25,0.004366394784545015
2019-10-28,0.0012857951843477252
2019-10-29,-0.0036368311665634545
2019-10-30,0.005559077931792795
2019-10-31,0.0007120574248615554
2019-11-01,0.007880680309437504
2019-11-04,0.0029465145344204297
2019-11-05,-0.0032939144627372003
2019-11-06,0.00025225197911141
2019-11-07,-0.0021602762531953406
2019-11-08,-0.0042413421908170145
2019-11-11,-0.0035155031371363298
2019-11-12,-0.0003866099136701899
2019-11-13,-0.0009597080800537449
2019-11-14,0.002420869528669005
2019-11-15,0.0042086995295096945
2019-11-18,0.000582109049186315
2019-11-19,0.001865015486817515
2019-11-20,-0.0018503729785384648
2019-11-21,-0.003310755318411155
2019-11-22,8.714835303314994e-05
2019-11-25,0.00550889525465727
2019-11-26,0.001356584016802255
2019-11-27,0.0004976415572014699
2019-11-29,-0.005460868590850175
2019-12-02,-0.00437495244576102
2019-12-03,0.0004545354643281402
2019-12-04,0.0029723122984269103
2019-12-05,0.0017784681881464898
2019-12-06,0.001948152165495675
2019-12-09,-0.0023947147926691096
2019-12-10,0.0016441628356292548
2019-12-11,0.008800974988825405
2019-12-12,0.005897350209422815
2019-12-13,0.00269277645805293
2019-12-16,0.004561257916590856
2019-12-17,0.003104515457128725
2019-12-18,0.0012100829295100088
2019-12-19,0.0025120295663710896
2019-12-20,0.002349232476800905
2019-12-23,0.00171804486067132
2019-12-24,0.001930474844909944
2019-12-26,0.006815529991823685
2019-12-27,0.001258582395222855
2019-12-30,-0.0039914139637136055
2019-12-31,0.0009158339612581649
2020-01-02,0.013860659975190155
2020-01-03,-0.004256288175733794
2020-01-06,0.0027156868559035097
2020-01-07,-0.00018848185442456002
2020-01-08,0.0014006781502292696
2020-01-09,0.003535748912110655
2020-01-10,0.0034182713698262452
2020-01-13,0.005991859855368815
2020-01-14,-0.0025014550396223047
2020-01-15,-0.00023239116696500983
2020-01-16,0.00418002881173393
2020-01-17,0.0027829411060437048
2020-01-21,-0.008015158927738275
2020-01-22,0.00371207002672243
2020-01-23,-0.0017270928845061141
2020-01-24,-0.00315859416892557
2020-01-27,-0.014609488551312359
2020-01-28,0.0037361915280212446
2020-01-29,0.004132414358037845
2020-01-30,-0.004203614568091964
2020-01-31,-0.009951041009068788
2020-02-03,0.005534181504092845
2020-02-04,0.00996104313556092
2020-02-05,0.00342119756110015
2020-02-06,0.0039047947375336653
2020-02-07,-0.0044369718011187595
2020-02-10,0.005767926461838615
2020-02-11,0.00346443491075625
2020-02-12,0.006428541406871655
2020-02-13,-0.0031931753002112997
2020-02-14,0.00230670276814154
2020-02-18,0.0012334327221722604
2020-02-19,0.006134525495890738
2020-02-20,-0.00572025246591316
2020-02-21,-0.00181964234948772
2020-02-24,-0.020589185957812405
2020-02-25,-0.015511571174575954
2020-02-26,0.003560301611182459
2020-02-27,-0.021972354415155142
2020-02-28,-0.008868916844857425
2020-03-02,0.0220657806831529
2020-03-03,-0.0023434279128915847
2020-03-04,0.017837169515956302
2020-03-05,-0.009335648090685954
2020-03-06,-0.007134783818399443
2020-03-09,-0.04466198852699439
2020-03-10,0.022275347841645903
2020-03-11,-0.03551087484967134
2020-03-12,-0.0759873437817125
2020-03-13,0.03882834428493323
2020-03-16,-0.07977728652168024
2020-03-17,0.03864598756592098
2020-03-18,-0.05487804565682514
2020-03-19,0.0018393937401324704
2020-03-20,0.000945592116383091
2020-03-23,0.00259701264664715
2020-03-24,0.059523327450283874
2020-03-25,0.009564763515600148
2020-03-26,0.03289411569172261
2020-03-27,-0.029254881945556147
2020-03-30,0.016149520721147285
2020-03-31,-0.010078699029356951
2020-04-01,-0.024977769693007818
2020-04-02,0.022724007241247814
2020-04-03,-0.009555807828641804
2020-04-06,0.04529864403551115
2020-04-07,-0.0005048325741386303
2020-04-08,0.008706364376453758
2020-04-09,0.007825907037957986
2020-04-13,0.00406229759269684
2020-04-14,0.020598942010060028
2020-04-15,-0.012723019487890693
2020-04-16,0.006226114807432075
2020-04-17,0.006884840627992746
2020-04-20,-0.006345675308005924
2020-04-21,-0.020540570731637724
2020-04-22,0.020945945761263806
2020-04-23,0.0014001512494653142
2020-04-24,0.00309277605283543
2020-04-27,0.006816226671949569
2020-04-28,-0.00284126879095304
2020-04-29,0.02001739331300011
2020-04-30,-0.014676075351594438
2020-05-01,-0.018764303906804194
2020-05-04,0.00630030804898688
2020-05-05,0.0054417125284249
2020-05-06,-0.0060350811474546
2020-05-07,0.012008282426460572
2020-05-08,0.008983596860641558
2020-05-11,-0.00326883958814104
2020-05-12,-0.005543696777082094
2020-05-13,-0.0021471011686075145
2020-05-14,0.007998390067804565
2020-05-15,-0.0020156700361171846
2020-05-18,0.016587339805046068
2020-05-19,-0.00196636231043264
2020-05-20,0.010971912999087965
2020-05-21,-0.010125761671449341
2020-05-22,-0.004444661691536309
2020-05-26,0.004104924209039309
2020-05-27,0.004424404307998765
2020-05-28,-0.00244986820544919
2020-05-29,0.01138113829967784
2020-06-01,0.009505871366343933
2020-06-02,0.008495184840994246
2020-06-03,0.00471637824580321
2020-06-04,-0.0052591243030823
2020-06-05,0.010003278958222629
2020-06-08,0.008168187529114105
2020-06-09,0.0010999965674798851
2020-06-10,0.008536287581554445
2020-06-11,-0.03523007226409196
2020-06-12,0.00972121453364461
2020-06-15,-0.00037596587294631004
2020-06-16,0.00596588139147294
2020-06-17,0.004088066294994509
2020-06-18,0.00119960571536784
2020-06-19,0.0018511804741473453
2020-06-22,0.00863997769064955
2020-06-23,0.006732186077218425
2020-06-24,-0.0114694350693449
2020-06-25,0.004632549337393819
2020-06-26,-0.009280295446391189
2020-06-29,0.0052094765303517445
2020-06-30,0.004305952543443469
2020-07-01,0.0053869502193503544
2020-07-02,0.010355162920788922
2020-07-06,0.021771102584100258
2020-07-07,-0.005514375827078335
2020-07-08,0.01321392655499214
2020-07-09,0.00130451481299506
2020-07-10,-0.0008678198798567698
2020-07-13,-0.006137341786967609
2020-07-14,0.004784866797357365
2020-07-15,0.002485569993578755
2020-07-16,-0.00840643446049925
2020-07-17,0.00441872619714531
2020-07-20,0.011323553312907542
2020-07-21,0.005019074644859374
2020-07-22,0.00392485125652251
2020-07-23,-0.005238061989160294
2020-07-24,-0.0005950699119430239
2020-07-27,0.013655198170524258
2020-07-28,-0.0029972137395001697
2020-07-29,0.010846417089434285
2020-07-30,-0.005420947807947624
2020-07-31,0.00361423358226989
2020-08-03,0.005246939585681404
2020-08-04,0.011972795828549291
2020-08-05,0.006514963283257564
2020-08-06,0.007922441067182465
2020-08-07,-0.013569875662795704
2020-08-10,-0.00063270626683145
2020-08-11,-0.02006102817721814
2020-08-12,0.008396232507510785
2020-08-13,0.00380631887489174
2020-08-14,-0.002275155468570293
2020-08-17,0.012226222629287195
2020-08-18,0.00432432994152506
2020-08-19,-0.014612370678550379
2020-08-20,0.0040448341461857655
2020-08-21,0.001897038220449225
2020-08-24,0.004716584814113385
2020-08-25,0.004734572565591779
2020-08-26,0.008142632745399739
2020-08-27,-0.007709293951730135
2020-08-28,0.010523080487478024
2020-08-31,-0.005934455240503864
2020-09-01,0.011304724729840496
2020-09-02,0.0002821519814570902
2020-09-03,-0.021534677474241874
2020-09-04,-0.004312029572275645
2020-09-08,-0.017545280049296123
2020-09-09,0.01460540267432462
2020-09-10,-0.011613473571433238
2020-09-11,0.002593319193462775
2020-09-14,0.012123442011425917
2020-09-15,0.005690550999801445
2020-09-16,-0.003065098641008105
2020-09-17,-0.006159332763927134
2020-09-18,-0.006387974165334915
2020-09-21,-0.00912448460040182
2020-09-22,0.0003591096776189401
2020-09-23,-0.018977005791930745
2020-09-24,0.0007784606772536151
2020-09-25,0.00546572135144862
2020-09-28,0.011662575539200004
2020-09-29,0.0004756107804597605
2020-09-30,0.0052893905505131
2020-10-01,0.008946762168507075
2020-10-02,-0.010343544830477586
2020-10-05,0.00970708821897022
2020-10-06,-0.00664158138004285
2020-10-07,0.008135679993851579
2020-10-08,0.006402014954851754
2020-10-09,0.010464703597758565
2020-10-12,0.009595060223917349
2020-10-13,-0.005678654435567919
2020-10-14,-0.003567239892795645
2020-10-15,-0.0029933164975296748
2020-10-16,-0.0008299545561280901
2020-10-19,-0.006019714910348355
2020-10-20,0.004998856376299354
2020-10-21,0.0021188280333145045
2020-10-22,-0.0027681589288667367
2020-10-23,0.0031935424492394
2020-10-26,-0.008827609672712164
2020-10-27,0.0035022601876947253
2020-10-28,-0.024033759652006003
2020-10-29,0.00560369152683512
2020-10-30,-0.009249030579841694
2020-11-02,0.009600261497189004
2020-11-03,0.007573732339639465
2020-11-04,0.022707696355821108
2020-11-05,0.018531056564444277
2020-11-06,0.0008271975638910402
2020-11-09,-0.01226642958056268
2020-11-10,-0.0066948424811214095
2020-11-11,0.0059716552863052896
2020-11-12,-0.0016036666646043747
2020-11-13,0.009825077244840481
2020-11-16,0.007090269516697932
2020-11-17,-0.0019114997954021648
2020-11-18,-0.00529387727905544
2020-11-19,0.00241682268187843
2020-11-20,0.001509641722579615
2020-11-23,-0.00360399025875656
2020-11-24,0.00429354791202761
2020-11-25,-0.0017100434152270152
2020-11-27,0.0035120790150403604
2020-11-30,-0.011443924136090062
2020-12-01,0.014094864104614854
2020-12-02,0.0020771958769259845
2020-12-03,0.0069215133283078495
2020-12-04,0.0033073832864620447
2020-12-07,0.005137455737556349
2020-12-08,0.00242460532025521
2020-12-09,-0.012468584598135024
2020-12-10,0.005438222378744355
2020-12-11,-0.002166374106042475
2020-12-14,-0.0030714087677864853
2020-12-15,0.010511600602113464
2020-12-16,0.0038274267166798445
2020-12-17,0.006435105094114961
2020-12-18,-0.002190613811545105
2020-12-21,-0.006403405320781044
2020-12-22,-0.004112290994524875
2020-12-23,0.0039036836792251794
2020-12-24,0.001099600265202985
2020-12-28,0.0028990450303270597
2020-12-29,0.005812727490751599
2020-12-30,0.006975329287021488
2020-12-31,0.001998388098311645
2021-01-04,0.0034220122335319797
2021-01-05,0.01056887423232265
2021-01-06,-0.01033624390843454
2021-01-07,0.0076269245992555655
2021-01-08,0.0028816819516001486
2021-01-11,-0.008620436717266824
2021-01-12,0.004747027219407175
2021-01-13,0.0022235583634396296
2021-01-14,0.0008515018528569799
2021-01-15,-0.01000358802619672
2021-01-19,0.01152588979160882
2021-01-20,0.0157384440724679
2021-01-21,0.0010926909987124499
2021-01-22,-0.0056758406312404
2021-01-25,0.0058355075047296905
2021-01-26,-0.00338276231883477
2021-01-27,-0.01914014675474047
2021-01-28,0.004288129600920495
2021-01-29,-0.015744542585506005
2021-02-01,0.017958313448594165
2021-02-02,0.005335707262031669
2021-02-03,1.5099453508514785e-05
2021-02-04,-0.00212464154391766
2021-02-05,0.005712110061623654
2021-02-08,0.00564577478239656
2021-02-09,0.0044652058943808
2021-02-10,0.00239641859926618
2021-02-11,0.002051639158029705
2021-02-12,-0.00013198341474157508
2021-02-16,-0.00483832032426214
2021-02-17,-0.0027876102208920198
2021-02-18,-0.006582248168576554
2021-02-19,0.00103447444176555
2021-02-22,-0.01258229106421597
2021-02-23,0.00043359595105550995
2021-02-24,-0.00021396384476178517
2021-02-25,-0.023445119658823385
2021-02-26,-0.0077388520805665405
2021-03-01,0.015532613499601639
2021-03-02,-0.005677684968190205
2021-03-03,-0.01098412207627627
2021-03-04,-0.01571102711032015
2021-03-05,0.009119994600971165
2021-03-08,-0.018000361907422976
2021-03-09,0.02216830994481082
2021-03-10,0.00040074729194590996
2021-03-11,0.014851838116627339
2021-03-12,-0.00950734620373484
2021-03-15,0.00501056545771446
2021-03-16,0.001944332844871895
2021-03-17,0.0026062970908596853
2021-03-18,-0.01583075769923203
2021-03-19,0.00620926849861499
2021-03-22,0.003689379578288235
2021-03-23,-0.009524806751370664
2021-03-24,-0.010015463758640849
2021-03-25,0.00050128726615864
2021-03-26,0.013974772089344703
2021-03-29,-0.006402280757294305
2021-03-30,-0.0038196757106227297
2021-03-31,0.007864962259327205
2021-04-01,0.012325433480826186
2021-04-05,0.00593498066325506
2021-04-06,0.004419863473716045
2021-04-07,-0.006056878380515235
2021-04-08,0.008626085661359533
2021-04-09,-0.0032555977928878602
2021-04-12,-0.0038031542265646503
2021-04-13,0.0061402288715226554
2021-04-14,-0.001968409864117665
2021-04-15,0.01270500163106427
2021-04-16,0.002306554656826685
2021-04-19,-0.004388045424973905
2021-04-20,-0.0037079492975133103
2021-04-21,0.0075014657222786055
2021-04-22,-0.005618866902315255
2021-04-23,0.007332532065394479
2021-04-26,0.0022518188972257902
2021-04-27,-0.0023818176819203948
2021-04-28,0.002863864884060185
2021-04-29,-0.000666910496685575
2021-04-30,-0.008821430729603905
2021-05-03,0.00280581738439572
2021-05-04,-0.008792724798815004
2021-05-05,0.00237559561237542
2021-05-06,0.00993275629957246
2021-05-07,0.0076470185164793595
2021-05-10,-0.011919610161689758
2021-05-11,-0.003054807290992875
2021-05-12,-0.020514448512357557
2021-05-13,0.0036550407549824897
2021-05-14,0.015030010256248465
2021-05-17,0.0010556608925760852
2021-05-18,0.0025822016708789744
2021-05-19,-0.0013386966133798
2021-05-20,0.008461770189104935
2021-05-21,-0.004581627629329749
2021-05-24,0.0077191260488784505
2021-05-25,0.006499292256854785
2021-05-26,0.002788679197885665
2021-05-27,-0.00072378257119184
2021-05-28,0.0037621294383015196
2021-06-01,0.005807034161270184
2021-06-02,0.002541274566113255
2021-06-03,-0.011210066451201454
2021-06-04,0.011070897629681244
2021-06-07,-0.0007618705958896249
2021-06-08,-0.00167132043249202
2021-06-09,-0.00080068991857318
2021-06-10,0.0067131976131406795
2021-06-11,-0.0035518196761432047
2021-06-14,0.00047596608131984493
2021-06-15,-0.004732263227214325
2021-06-16,-0.010533012661868821
2021-06-17,-0.0025487384334146853
2021-06-18,-0.005190504663096575
2021-06-21,0.005897561357754829
2021-06-22,-0.00022529043659280017
2021-06-23,0.0015931435360890147
2021-06-24,0.00501330302110283
2021-06-25,0.0030433643104555296
2021-06-28,0.0034383634556839557
2021-06-29,-0.002102761536063685
2021-06-30,-0.0007330131757439695
2021-07-01,-0.00022104653390993089
2021-07-02,0.004706878352751325
2021-07-06,-0.003412071663803271
2021-07-07,0.002286889761508175
2021-07-08,-0.009276606843801164
2021-07-09,0.007937737473696416
2021-07-12,0.00100749759036027
2021-07-13,-0.00062892051486129
2021-07-14,0.005793927649194005
2021-07-15,0.00041377575995383523
2021-07-16,-0.0077598110761338745
2021-07-19,-0.006929594557532125
2021-07-20,0.0037010748351876247
2021-07-21,0.0024007520321636094
2021-07-22,0.0033887118743570746
2021-07-23,-0.0034057006470512704
2021-07-26,-0.0071344511656638195
2021-07-27,-0.008008557321712781
2021-07-28,0.011152748192532931
2021-07-29,0.00484296632468793
2021-07-30,-0.006399548493692199
2021-08-02,0.0027766832658313706
2021-08-03,0.003476531486293555
2021-08-04,0.0015472858088144297
2021-08-05,-0.00013968108626946
2021-08-06,-0.01137503068332527
2021-08-09,-0.003534566366266375
2021-08-10,-0.000500056074290105
2021-08-11,0.004413563275525826
2021-08-12,-0.0022053006523407945
2021-08-13,0.00504309985089087
2021-08-16,-0.00129060923421691
2021-08-17,-0.009205830313347424
2021-08-18,-0.002015574537516895
2021-08-19,-0.005068974555316819
2021-08-20,0.002653310809313665
2021-08-23,0.011763508903055036
2021-08-24,0.00764756628693289
2021-08-25,-0.0016795098604199753
2021-08-26,-0.004632946075250235
2021-08-27,0.011494145759385078
2021-08-30,0.00210123886803409
2021-08-31,0.0042474774676434495
2021-09-01,0.004956290330631027
2021-09-02,-0.0014244868026414097
2021-09-03,0.004019748315512325
2021-09-07,-0.004080141395165625
2021-09-08,-0.005801678495515414
2021-09-09,0.00048044496276190027
2021-09-10,-0.004883385969962395
2021-09-13,0.0026527409769500046
2021-09-14,-0.00136760323113819
2021-09-15,0.0004699356093169249
2021-09-16,-0.010299661149873138
2021-09-17,-0.00562913572163
2021-09-20,-0.012172830104140454
2021-09-21,0.00419928489597628
2021-09-22,0.006861463822981959
2021-09-23,0.0007351725249068147
2021-09-24,-0.005095317116293029
2021-09-27,0.0007870714182542447
2021-09-28,-0.015919632667543662
2021-09-29,-0.004225181750860475
2021-09-30,0.004833621469921484
2021-10-01,0.003752614387408965
2021-10-04,-0.009401180150016834
2021-10-05,0.00388838182616314
2021-10-06,0.000842338649546945
2021-10-07,0.007059155173527164
2021-10-08,-0.00030848412857719515
2021-10-11,-0.003660569472855085
2021-10-12,0.00012902751225144535
2021-10-13,0.01193439157835983
2021-10-14,0.0073141510079843645
2021-10-15,0.0016937861738921044
2021-10-18,0.0009141662454157749
2021-10-19,0.006327116186085439
2021-10-20,0.0018295603342140003
2021-10-21,-0.0013143917346592952
2021-10-22,0.00045962429329866503
2021-10-25,0.0057111481833916344
2021-10-26,-0.002237891720693545
2021-10-27,-0.0006963212972320352
2021-10-28,0.0030374347736062445
2021-10-29,-0.005908367181655524
2021-11-01,0.004087561231831754
2021-11-02,-0.0020151053586336745
2021-11-03,0.001018393445964579
2021-11-04,0.005657678018900301
2021-11-05,0.004979615379829796
2021-11-08,0.00384896749611797
2021-11-09,-0.0003751120068985099
2021-11-10,-0.00401647234902066
2021-11-11,0.00770197278784976
2021-11-12,0.003674733626050945
2021-11-15,-0.0027799357478766797
2021-11-16,5.9632802194889835e-05
2021-11-17,0.0009521488857484151
2021-11-18,-0.0026705196901446295
2021-11-19,-0.0008525847784220052
2021-11-22,-0.01185264556467606
2021-11-23,-0.00446214849575507
2021-11-24,0.0017499849538072701
2021-11-26,-0.016103106447504373
2021-11-29,0.005260262612478744
2021-11-30,-0.005702138598098764
2021-12-01,-0.0013517352944245897
2021-12-02,0.006351716104264241
2021-12-03,-0.005634469392488465
2021-12-06,0.00367258995673481
2021-12-07,0.01309012652664188
2021-12-08,0.000852554929595135
2021-12-09,-0.0058891167957329845
2021-12-10,0.00411803039244742
2021-12-13,-0.007015996921044635
2021-12-14,-0.005974349289637869
2021-12-15,0.00479849318151026
2021-12-16,-0.0017570233910105997
2021-12-17,-0.003504054583004264
2021-12-20,-0.010149860790625536
2021-12-21,0.011327271504910998
2021-12-22,0.00777352247958231
2021-12-23,0.0035490283522427103
2021-12-27,0.00697686205641534
2021-12-28,-0.0034425956411846953
2021-12-29,-0.002585291864810415
2021-12-30,0.00574563305992796
2021-12-31,-0.0011355721770372898
2022-01-03,-0.0017340254350712353
2022-01-04,-0.0018017729701789447
2022-01-05,-0.014643948427754185
2022-01-06,-0.0014749625399196101
2022-01-07,0.0013499814542313146
2022-01-10,0.0009166171237076751
2022-01-11,0.015256164658244305
2022-01-12,0.007034517754277979
2022-01-13,-0.010838994254477844
2022-01-14,-0.00139126475747095
2022-01-18,-0.014564238489037745
2022-01-19,0.0028967433955997793
2022-01-20,-0.0015937455695500848
2022-01-21,-0.011930705349235146
2022-01-24,-0.0030979660765160194
2022-01-25,-0.00537704609442767
2022-01-26,-0.010359000099256761
2022-01-27,-0.00775340996255333
2022-01-28,0.009307364313105634
2022-01-31,0.019645391440745095
2022-02-01,0.004046155449129629
2022-02-02,0.0033367446503287496
2022-02-03,-0.01464496294128886
2022-02-04,0.0023482613419721554
2022-02-07,-0.0005051427205143397
2022-02-08,0.006368464056491968
2022-02-09,0.01181517440060469
2022-02-10,-0.011033203889875984
2022-02-11,-0.006978774490246905
2022-02-14,-0.0026743791861590996
2022-02-15,0.010070568673827635
2022-02-16,0.005818717103615159
2022-02-17,-0.007734269958889089
2022-02-18,-0.005333811345896529
2022-02-22,-0.007343157743579479
2022-02-23,-0.01094526164211031
2022-02-24,-0.00165475085797862
2022-02-25,0.0112361254940433
2022-02-28,0.0001948739668126906
2022-03-01,-0.0036415955646333293
2022-03-02,-0.0002561927359463253
2022-03-03,-0.005369709950932275
2022-03-04,-0.00489396830619788
2022-03-07,-0.02055362815767434
2022-03-08,0.005035381281330206
2022-03-09,0.01052018128934063
2022-03-10,-0.009640263476016589
2022-03-11,-0.013894960014827065
2022-03-14,-0.018741173858128
2022-03-15,0.003505263274162994
2022-03-16,0.03839623134273899
2022-03-17,0.002345614028823605
2022-03-18,0.008653215501270595
2022-03-21,-0.006344711092349754
2022-03-22,0.00784669013039924
2022-03-23,-0.0008729018082670997
2022-03-24,0.008418645249366934
2022-03-25,-0.00460321016598307
2022-03-28,0.0007881793873248045
2022-03-29,0.01118005705512656
2022-03-30,-0.000807648708548955
2022-03-31,-0.009166392615878264
2022-04-01,0.00468830234818462
2022-04-04,0.010970354650470783
2022-04-05,-0.01563520884453112
2022-04-06,-0.009637992748188705
2022-04-07,-0.0014971928744005251
2022-04-08,-0.0017289178365374048
2022-04-11,-0.010925305402994715
2022-04-12,-0.0005241970343178848
2022-04-13,0.010683876417836649
2022-04-14,-0.0127613101860803
2022-04-18,-0.00073714272526458
2022-04-19,-0.0005924140580555704
2022-04-20,-0.0011827374539723299
2022-04-21,-0.013838674211029203
2022-04-22,-0.014351646820770494
2022-04-25,-0.003326352296464285
2022-04-26,-0.0165357905008682
2022-04-27,0.0011129561208417695
2022-04-28,0.015480074989732945
2022-04-29,-0.012647770165998044
2022-05-02,-0.00353927082200589
2022-05-03,0.004733986593976464
2022-05-04,0.016237317607869624
2022-05-05,-0.030071803396684506
2022-05-06,-0.0086174418360178
2022-05-09,-0.023877233551478715
2022-05-10,0.0026090301542522347
2022-05-11,-0.005437876505752669
2022-05-12,-0.006863743078945319
2022-05-13,0.01502892417486609
2022-05-16,-0.0014748202851363101
2022-05-17,0.012587418567909809
2022-05-18,-0.0199681011415599
2022-05-19,0.007669953088874475
2022-05-20,0.0023507039349249456
2022-05-23,0.007382542939901359
2022-05-24,-0.0066787862695991615
2022-05-25,0.004001144076615515
2022-05-26,0.011581414101114204
2022-05-27,0.012847901552846774
2022-05-31,-0.0009903017237474006
2022-06-01,-0.0033300574070355
2022-06-02,0.015975512137054372
2022-06-03,-0.014938152989792414
2022-06-06,-0.00011524272163196511
2022-06-07,0.006485159419120111
2022-06-08,-0.00196555398979356
2022-06-09,-0.016529399552580964
2022-06-10,-0.010983751992789174
2022-06-13,-0.035301535441216995
2022-06-14,0.00135802740517964
2022-06-15,0.015492994915454882
2022-06-16,-0.01853880674989445
2022-06-17,0.0017193040091253251
2022-06-21,0.010422723158565645
2022-06-22,-0.0030920493632062636
2022-06-23,0.0040209990596245
2022-06-24,0.0162932358402615
2022-06-27,-0.002383600614393385
2022-06-28,-0.009841662668252045
2022-06-29,-1.4895847555674961e-05
2022-06-30,-0.00539966386377542
2022-07-01,0.0011896351608418352
2022-07-05,-0.004480870559076405
2022-07-06,-0.006352028791899419
2022-07-07,0.01162653528035237
2022-07-08,-0.0009413695272863952
2022-07-11,-0.014065073080617432
2022-07-12,-0.00448005611258673
2022-07-13,0.0004235629778442352
2022-07-14,-0.007359169476410486
2022-07-15,0.007410598212268465
2022-07-18,-0.00089220218115593
2022-07-19,0.014309319697617194
2022-07-20,-0.00029477111844476977
2022-07-21,0.012851264863802055
2022-07-22,-0.005295188590148334
2022-07-25,-0.00110273307564059
2022-07-26,-0.00773534306756628
2022-07-27,0.01847367355241269
2022-07-28,0.008635191971014405
2022-07-29,0.00365130700051599
2022-08-01,0.0002667630857036956
2022-08-02,-0.006750940496140315
2022-08-03,0.011272897229218185
2022-08-04,0.0071235478357951345
2022-08-05,-0.006370993531899839
2022-08-08,0.00348644348113546
2022-08-09,-0.0032413713552578603
2022-08-10,0.010315383758608639
2022-08-11,-0.00249144833264878
2022-08-12,0.01239415167391525
2022-08-15,-0.003123827833477915
2022-08-16,-0.00016671275828222495
2022-08-17,-0.00692042214269188
2022-08-18,-0.0016957180451021296
2022-08-19,-0.013234638115031885
2022-08-22,-0.012243574720763359
2022-08-23,0.00255570936731347
2022-08-24,0.0008269775287406498
2022-08-25,0.01437199194470649
2022-08-26,-0.018958606187989693
2022-08-29,-0.0053509046830836245
2022-08-30,-0.00934332367116591
2022-08-31,-0.003674786590513575
2022-09-01,-0.006282557102359195
2022-09-02,-0.004204565699203445
2022-09-06,-0.009799139225337684
2022-09-07,0.012862635594665274
2022-09-08,-0.0026905459237578054
2022-09-09,0.012248954155716025
2022-09-12,0.008981275206479846
2022-09-13,-0.02912776799566504
2022-09-14,0.0028651044916103846
2022-09-15,-0.012752993603333871
2022-09-16,-0.00474904847664779
2022-09-19,0.0038576382968873997
2022-09-20,-0.00730907041333829
2022-09-21,-0.008428702017667196
2022-09-22,-0.0075590300910196905
2022-09-23,-0.017688166358994343
2022-09-26,-0.011274803901294565
2022-09-27,-0.00287378857670108
2022-09-28,0.017357203253476634
2022-09-29,-0.016029418455800328
2022-09-30,-0.007488384304668676
2022-10-03,0.02064183367761426
2022-10-04,0.023767283844938366
2022-10-05,-0.00258751673361227
2022-10-06,-0.00568857268457217
2022-10-07,-0.021185306684451285
2022-10-10,-0.01299657912502162
2022-10-11,-0.00872247527854247
2022-10-12,0.001680775612951045
2022-10-13,0.005695654241321379
2022-10-14,-0.017278431395087977
2022-10-17,0.018396265688800373
2022-10-18,0.0038046468449971847
2022-10-19,-0.01325391605688044
2022-10-20,-0.0019268308426202707
2022-10-21,0.014976415858077
2022-10-24,-0.011733157499836782
2022-10-25,0.01176264045964099
2022-10-26,0.004213200027426675
2022-10-27,-0.005633443659643725
2022-10-28,0.002655562155588114
2022-10-31,-0.0066282312959225044
2022-11-01,0.007660399407121605
2022-11-02,-0.01415563957844227
2022-11-03,-0.003984851311767795
2022-11-04,0.02491091907525905
2022-11-07,0.0012661537622502147
2022-11-08,0.011196303366280788
2022-11-09,-0.013651059452242103
2022-11-10,0.04244336473971225
2022-11-11,0.014851017552656016
2022-11-14,-0.0044149934015448
2022-11-15,0.013755498591358715
2022-11-16,-0.007259582445567819
2022-11-17,-0.00303432974369659
2022-11-18,-0.0037536216455191724
2022-11-21,-0.007523905738322385
2022-11-22,0.006690364522011399
2022-11-23,0.008593358965993404
2022-11-25,-0.002812564315825195
2022-11-28,-0.00791132765369157
2022-11-29,0.0061147162104343246
2022-11-30,0.025217965805325766
2022-12-01,0.0066193252944439845
2022-12-02,0.00094281520379048
2022-12-05,-0.01500557171285703
2022-12-06,-0.0038034856563205596
2022-12-07,0.0016414464838899502
2022-12-08,0.007084354754267144
2022-12-09,-0.006160059114693899
2022-12-12,0.001185608554374335
2022-12-13,0.01042426260704028
2022-12-14,-0.0020797638159084845
2022-12-15,-0.02073439460267391
2022-12-16,-0.0011548952435093348
2022-12-19,-0.005523113007471385
2022-12-20,0.00231865578555452
2022-12-21,0.00735322771355372
2022-12-22,-0.012059734154441561
2022-12-23,6.36748352130477e-06
2022-12-27,0.00252011701877813
2022-12-28,-0.01073654065720523
2022-12-29,0.014598079039222204
2022-12-30,-0.005297973857024595
2023-01-03,0.00526688438306722
2023-01-04,0.015945000114797235
2023-01-05,-0.007872363518129035
2023-01-06,0.021178456443511105
2023-01-09,0.004585145387684089
2023-01-10,0.004066380715010275
2023-01-11,0.007358779902461801
2023-01-12,0.007888202366270525
2023-01-13,0.00594594595628628
2023-01-17,-0.004215768415919955
2023-01-18,-0.005068889991229675
2023-01-19,0.00338104073508395
2023-01-20,0.00967310823465895
2023-01-23,0.007593836441745064
2023-01-24,0.00211293768028628
2023-01-25,0.0014461416222034348
2023-01-26,0.005105344812061265
2023-01-27,-0.00042218179118292
2023-01-30,-0.01307110349649313
2023-01-31,0.005363587509844115
2023-02-01,0.013373306374964885
2023-02-02,0.0002476079113806351
2023-02-03,-0.018397086297077567
2023-02-06,-0.007593697159112375
2023-02-07,0.00583677488694479
2023-02-08,-0.0036814091437727147
2023-02-09,-0.00393288092775574
2023-02-10,-0.00466705570333093
2023-02-13,0.006561784506544556
2023-02-14,0.00038793806339681004
2023-02-15,-0.00476375661106173
2023-02-16,-0.006465591482835389
2023-02-17,-0.0037768029627139243
2023-02-21,-0.0139708953643032
2023-02-22,-0.0022944385489452445
2023-02-23,0.004641427676025191
2023-02-24,-0.015208416379142123
2023-02-27,0.004658427502529005
2023-02-28,-0.0016230373957312099
2023-03-01,0.005999369780541105
2023-03-02,0.0026137943242885296
2023-03-03,0.01362821285330319
2023-03-06,-0.0030099838129901803
2023-03-07,-0.01387836706239959
2023-03-08,0.0024140858224653197
2023-03-09,-0.010544146648675767
2023-03-10,0.002577248390729615
2023-03-13,0.007348178123062826
2023-03-14,0.0029420571382464747
2023-03-15,-0.002351763002626104
2023-03-16,0.011543427994151414
2023-03-17,0.004057103914862096
2023-03-20,0.0024788195998880144
2023-03-21,0.0015953764120248302
2023-03-22,0.0022868119319844754
2023-03-23,0.010105845801686875
2023-03-24,-0.001778784800074785
2023-03-27,-0.00735897882880104
2023-03-28,0.0060546533420214555
2023-03-29,0.004416205744971255
2023-03-30,0.008469609643063824
2023-03-31,0.0043108191082312595
2023-04-03,0.003178238781390625
2023-04-04,0.0037718789984119956
2023-04-05,-0.0037958617087189388
2023-04-06,0.001484917720870575
2023-04-10,-0.00305824159344646
2023-04-11,0.002979378273660005
2023-04-12,-0.003307306673888945
2023-04-13,0.012221147233992934
2023-04-14,-0.00788079297196034
2023-04-17,-0.00015354558233207053
2023-04-18,0.0009922503769241974
2023-04-19,-0.004921225547083571
2023-04-20,-0.00066769889349047
2023-04-21,-0.0060789112755261845
2023-04-24,0.0007564235126332002
2023-04-25,-0.009155784714402683
2023-04-26,-0.0001538687423449501
2023-04-27,0.01070394728558783
2023-04-28,0.005767397031941809
2023-05-01,-0.0055396197341703295
2023-05-02,0.000803207071217101
2023-05-03,0.00010534776798354014
2023-05-04,0.0019652275002739346
2023-05-05,0.006281487302837405
2023-05-08,-0.00051601404301026
2023-05-09,-0.0023433318785267498
2023-05-10,0.0027522545210438847
2023-05-11,-0.0021307494951788696
2023-05-12,-0.006155684849224299
2023-05-15,0.007207828056830373
2023-05-16,-0.006786596863314709
2023-05-17,0.00406815714568549
2023-05-18,-0.0016916004168595605
2023-05-19,0.001465545341085275
2023-05-22,0.0024825960389125595
2023-05-23,-0.008494386799504766
2023-05-24,-0.007016720786705115
2023-05-25,0.0015045447861761845
2023-05-26,0.013672302773783144
2023-05-30,-0.0007890863455444948
2023-05-31,-0.0037210441207901753
2023-06-01,0.011676742334786288
2023-06-02,0.004439847201174425
2023-06-05,0.0010435638733771499
2023-06-06,0.0042481770746149545
2023-06-07,-0.009109385922999789
2023-06-08,0.00967768685643833
2023-06-09,0.0016160534484685497
2023-06-12,0.00464380736683345
2023-06-13,0.002780110983783865
2023-06-14,0.004793479526044151
2023-06-15,0.009589953865881604
2023-06-16,-0.003429487693885435
2023-06-20,-0.009823917830723894
2023-06-21,-0.0046120548443962794
2023-06-22,-0.0026365126824201904
2023-06-23,-0.006096955777149254
2023-06-26,-0.0009378615066169398
2023-06-27,0.006324610179308295
2023-06-28,-0.0019060820615321096
2023-06-29,-0.00366779328341945
2023-06-30,0.00964148390894441
2023-07-03,0.004108504843661395
2023-07-05,-0.004172501607141825
2023-07-06,-0.01170040452235093
2023-07-07,0.004318016609515674
2023-07-10,0.00102169421219842
2023-07-11,0.006673135611490334
2023-07-12,0.015290891724211619
2023-07-13,0.009462836002742558
2023-07-14,-0.003471078264734355
2023-07-17,0.0025690421766326153
2023-07-18,0.0030666323936250606
2023-07-19,0.000774805212799045
2023-07-20,-0.00957820751755612
2023-07-21,-0.00170874393231726
2023-07-24,0.0042129406803962585
2023-07-25,0.00552230617143797
2023-07-26,0.00287121895359187
2023-07-27,-0.011612478350976105
2023-07-28,0.01503158057361989
2023-07-31,0.00144335772598352
2023-08-01,-0.009485286538131634
2023-08-02,-0.01616651074137487
2023-08-03,-0.00170644478515746
2023-08-04,0.00084384290795496
2023-08-07,0.0004914348854509797
2023-08-08,-0.0066327618398350895
2023-08-09,-0.00246695167810144
2023-08-10,-0.0010730158188413403
2023-08-11,-0.006458692785006375
2023-08-14,-0.00016709172750696994
2023-08-15,-0.008657292049703169
2023-08-16,-0.00809695169053752
2023-08-17,-0.002791014605427515
2023-08-18,-0.0020826680540128395
2023-08-21,0.0035310562727999093
2023-08-22,-0.00017303219490638004
2023-08-23,0.014498928677938226
2023-08-24,-0.007400433479973064
2023-08-25,0.00257457531938815
2023-08-28,0.00629644346495629
2023-08-29,0.013282760077657718
2023-08-30,0.0008262105673697501
2023-08-31,-0.004092182336905954
2023-09-01,0.0027619729683198194
2023-09-05,-0.00675771430451197
2023-09-06,-0.005193624945644876
2023-09-07,-0.005137042387110369
2023-09-08,0.0016257413302956701
2023-09-11,0.0067932960030011895
2023-09-12,-0.004288812437957075
2023-09-13,-0.0003025011145701048
2023-09-14,0.004236401946771615
2023-09-15,-0.004713752022896245
2023-09-18,0.00183283964323865
2023-09-19,-0.0036752298114002897
2023-09-20,-0.004513801077060204
2023-09-21,-0.015807829243128554
2023-09-22,0.005402208383514354
2023-09-25,-0.003992522156833531
2023-09-26,-0.011813378717350786
2023-09-27,-0.0026633049201217804
2023-09-28,0.002093402924135475
2023-09-29,-0.0025495920979239097
2023-10-02,-0.004896471911955895
2023-10-03,-0.012240554185574744
2023-10-04,0.0034523787930061146
2023-10-05,-0.00014093090393627023
2023-10-06,0.009360796405343954
2023-10-09,0.006925466141367034
2023-10-10,0.00603312480704497
2023-10-11,0.007758620580993135
2023-10-12,-0.008891686508739014
2023-10-13,0.0057457327705925
2023-10-16,0.0029936984380808944
2023-10-17,-0.002062916053803
2023-10-18,-0.006662369431747665
2023-10-19,-0.0038142788966142854
2023-10-20,-0.007116190138652124
2023-10-23,0.0002546202318326951
2023-10-24,0.00830716600555285
2023-10-25,-0.01172380701224586
2023-10-26,-0.00449719547818198
2023-10-27,0.0022145933764980497
2023-10-30,0.005219595711050545
2023-10-31,-0.0021995711974592
2023-11-01,0.008756164064721305
2023-11-02,0.01471850178124015
2023-11-03,0.011776430400360794
2023-11-06,0.0008345702033192052
2023-11-07,0.00163085060160316
2023-11-08,-0.0029683382127745446
2023-11-09,-0.0069597177398702595
2023-11-10,0.0059464804351189796
2023-11-13,0.0004584122530618252
2023-11-14,0.019728043062852106
2023-11-15,0.0012791961843172054
2023-11-16,0.0009852571433146403
2023-11-17,0.00110658301995215
2023-11-20,0.007496018103518346
2023-11-21,-0.0007630448602147198
2023-11-22,-0.0002320476320305299
2023-11-24,0.0001702153658556698
2023-11-27,0.00151483845872494
2023-11-28,0.0069696560925248206
2023-11-29,-0.000665895647452995
2023-11-30,-0.00128566528505126
2023-12-01,0.00896009142060042
2023-12-04,-0.0120367096822269
2023-12-05,-0.0006192477531742398
2023-12-06,0.0003186722109354953
2023-12-07,0.004759899019063705
2023-12-08,-0.004390652524888675
2023-12-11,0.0009278186325865299
2023-12-12,0.002122764037608715
2023-12-13,0.01530760681408052
2023-12-14,0.009463897279042484
2023-12-15,-0.0038097907086981956
2023-12-18,0.0019419407517094547
2023-12-19,0.006874347173084725
2023-12-20,-0.011386751249762685
2023-12-21,0.01079467385869975
2023-12-22,-0.0005089782515310401
2023-12-26,0.00647375317462812
2023-12-27,0.005486794555303295
2023-12-28,0.0005040894435261199
2023-12-29,-0.0025575633589598502
2024-01-02,-0.008684317633901864
2024-01-03,-0.006445453874485649
2024-01-04,-0.003691221133606805
2024-01-05,-9.443325056800514e-05
2024-01-08,0.0051895808987794095
2024-01-09,-0.005482547823455335
2024-01-10,1.0774619622575053e-05
2024-01-11,0.00273508463583594
2024-01-12,0.0036729160901860292
2024-01-16,-0.013313285636833523
2024-01-17,-0.009867152714706428
2024-01-18,0.0074258304966717936
2024-01-19,0.009535200184459766
2024-01-22,-0.0029538814811071105
2024-01-23,0.004257763048623019
2024-01-24,0.0022357287081603496
2024-01-25,0.003089189048262485
2024-01-26,-0.0011824591135128199
2024-01-29,0.005794970679105355
2024-01-30,-0.0026701432961382244
2024-01-31,-0.006552611053515419
2024-02-01,0.011592927775121364
2024-02-02,-0.0015181166026198448
2024-02-05,-0.0037130268232935205
2024-02-06,0.010278493962231069
2024-02-07,0.0026718861401903997
2024-02-08,-0.00241332059971781
2024-02-09,0.002667004770677365
2024-02-12,0.0015399838586256749
2024-02-13,-0.016281068350358415
2024-02-14,0.008313492873781745
2024-02-15,0.005339616899989985
2024-02-16,-0.00011859462373065482
2024-02-20,0.00015664494755045485
2024-02-21,-0.0005559100773765685
2024-02-22,0.01154528598652709
2024-02-23,0.002227311665314785
2024-02-26,-0.003040585415713535
2024-02-27,0.00035729368012455494
2024-02-28,-0.0045251000507983904
2024-02-29,0.00398086694548802
2024-03-01,0.013210599123359049
2024-03-04,0.0021321292017725648
2024-03-05,-0.00444244437089389
2024-03-06,0.00936308781363145
2024-03-07,0.007212433352994484
2024-03-08,-0.00149994629238509
2024-03-11,0.0004898706181058899
2024-03-12,0.003979004826338809
2024-03-13,-0.0012347504931341196
2024-03-14,-0.00505631814168702
2024-03-15,-0.0057990464280752
2024-03-18,0.0030115916140534705
2024-03-19,-0.0005210516457859798
2024-03-20,0.01001646797877466
2024-03-21,0.0015839118735147648
2024-03-22,-0.003650317228164604
2024-03-25,-0.00040754468756014513
2024-03-26,6.425259664148502e-05
2024-03-27,0.00515494841112974
2024-03-28,0.0040948047107958446
2024-04-01,0.0013093022371537043
2024-04-02,0.001960580165854605
2024-04-03,0.00291694493280768
2024-04-04,-0.006149758237653379
2024-04-05,0.006921305731275201
2024-04-08,0.0039529405140684105
2024-04-09,0.005376081191170034
2024-04-10,-0.012210771117623654
2024-04-11,0.00997616279664406
2024-04-12,-0.015403513235332504
2024-04-15,-0.0035578790218541902
2024-04-16,-0.005257513349907159
2024-04-17,-0.0037413066474568596
2024-04-18,0.0005871345436918903
2024-04-19,-0.004717103526702769
2024-04-22,0.00022404810748197918
2024-04-23,0.006275369713130191
2024-04-24,0.00046915660466506973
2024-04-25,0.0002602563344126298
2024-04-26,0.009061951520366785
2024-04-29,0.0048489912525680546
2024-04-30,-0.016060804610567372
2024-05-01,0.00175472074564105
2024-05-02,0.011881514344661493
2024-05-03,0.008785793469835733
2024-05-06,0.006509314399535175
2024-05-07,-0.0023371599420301497
2024-05-08,-0.001335573043115179
2024-05-09,0.006663637489202865
2024-05-10,0.0027440429206634642
2024-05-13,0.00042984579930958005
2024-05-14,0.006192825416547604
2024-05-15,0.01243722192933939
2024-05-16,-0.00096378119227645
2024-05-17,0.005079077956841515
2024-05-20,0.00064188654482285
2024-05-21,-0.0013651789739543999
2024-05-22,-0.0061102550633528
2024-05-23,-0.010058968770559796
2024-05-24,0.003906167238164785
2024-05-28,0.0013525046289577449
2024-05-29,-0.010922798715981556
2024-05-30,-0.00217229934097316
2024-05-31,-0.00313000694291518
2024-06-03,0.008415302959632954
2024-06-04,-0.005439861201657289
2024-06-05,0.014027972812038964
2024-06-06,0.0033692688400450105
2024-06-07,-0.015224250434500704
2024-06-10,0.0047552581099545455
2024-06-11,0.0019601509403925897
2024-06-12,0.008086156601423556
2024-06-13,-0.00030283053231572473
2024-06-14,0.00533803998034307
2024-06-17,0.0029469144279568246
2024-06-18,0.005537253759189035
2024-06-20,0.0002931229317733354
2024-06-21,-0.005735547879292996
2024-06-24,-0.0008148055445772299
2024-06-25,0.00038675893638744985
2024-06-26,-0.0040008598082176645
2024-06-27,0.004084795525426845
2024-06-28,-0.0025688812455218722
2024-07-01,0.0009157019207673845
2024-07-02,0.00440098811137119
2024-07-03,0.01113251877012241
2024-07-05,0.008038977585460235
2024-07-08,-0.00229455612325911
2024-07-09,0.001696716765459235
2024-07-10,0.0062509137861843644
2024-07-11,0.0027950552832546544
2024-07-12,0.00350995461866467
2024-07-15,-0.0032517305749023
2024-07-16,0.00925886257957775
2024-07-17,-0.013465972011704309
2024-07-18,-0.00754568551189194
2024-07-19,-0.01087278705384803
2024-07-22,0.006480343171160001
2024-07-23,-0.0031273901349070897
2024-07-24,-0.01599905008675585
2024-07-25,-0.006989077140163619
2024-07-26,0.010169399759904229
2024-07-29,-0.00058481789781022
2024-07-30,-0.0015461664036551198
2024-07-31,0.019876639432479585
2024-08-01,-0.011986451950496675
2024-08-02,-0.008842319059429334
2024-08-05,-0.021710899826937326
2024-08-06,0.0005185833623955948
2024-08-07,-0.001369855740212695
2024-08-08,0.019091797352197896
2024-08-09,0.004954875686136184
2024-08-12,0.00617734253221003
2024-08-13,0.0103075373854145
2024-08-14,-0.00279282556967364
2024-08-15,0.010119651880935249
2024-08-16,0.010468152360740704
2024-08-19,0.00680588991060315
2024-08-20,-0.0015753361056193844
2024-08-21,0.0023051687898015
2024-08-22,-0.011944514372008294
2024-08-23,0.012523779197458914
2024-08-26,-0.004246138151411565
2024-08-27,0.001638396667056175
2024-08-28,-0.006648337927378944
2024-08-29,0.0009190358978223739
2024-08-30,0.0010695566117743347
2024-09-03,-0.014214720337887333
2024-09-04,0.0006527887294466351
2024-09-05,0.00290687553936503
2024-09-06,-0.014960493306332664
2024-09-09,0.007986883101590075
2024-09-10,0.00249628958789911
2024-09-11,0.006851688396044589
2024-09-12,0.009494323960934824
2024-09-13,0.005832908437584995
2024-09-16,0.0015905777239832827
2024-09-17,-0.001323802289304155
2024-09-18,-0.005501304495622715
2024-09-19,0.017158669837001463
2024-09-20,0.0015084586107501352
2024-09-23,0.00375670515750713
2024-09-24,0.016323264820530186
2024-09-25,-0.005082004852240375
2024-09-26,0.01580947727763517
2024-09-27,-0.0032018336428806
2024-09-30,-0.007157424416671054
2024-10-01,0.002383714034007295
2024-10-02,0.006308109479182564
2024-10-03,-0.005692436874701025
2024-10-04,0.00461280457988755
2024-10-07,-0.001688258816196285
2024-10-08,-0.006800796354831176
2024-10-09,-0.0016238598713581398
2024-10-10,0.0016883305024499853
2024-10-11,0.005938979782530325
2024-10-14,0.0007048406758662099
2024-10-15,-0.00862361347816764
2024-10-16,0.00503708210219016
2024-10-17,-0.0005260156830553223
2024-10-18,0.00771774782022242
2024-10-21,-0.00421844510705043
2024-10-22,0.00209525101389263
2024-10-23,-0.00907849402261807
2024-10-24,0.0035481282997135554
2024-10-25,0.0005002493777225049
2024-10-28,0.0017733809596758043
2024-10-29,0.003455316580651925
2024-10-30,-0.0033520533106541394
2024-10-31,-0.01282253081519782
2024-11-01,-0.00039521847683989496
2024-11-04,0.0030966564108623248
2024-11-05,0.00953679231613391
2024-11-06,-0.007135967224211738
2024-11-07,0.016382565488142993
2024-11-08,-0.00836000886168646
2024-11-11,-0.009045621866907886
2024-11-12,-0.011115123899986734
2024-11-13,-0.00586826416879556
2024-11-14,-0.00403976226837838
2024-11-15,-0.00626036970229521
2024-11-18,0.010510208085307766
2024-11-19,0.004072242761851035
2024-11-20,0.00064483778453021
2024-11-21,0.002613241646780585
2024-11-22,0.004043248031394179
2024-11-25,-0.003931961356230831
2024-11-26,0.00022189631941999996
2024-11-27,9.115043405523503e-05
2024-11-29,0.005981786176390925
2024-12-02,0.0013074472682025801
2024-12-03,0.000889397029691915
2024-12-04,0.005481226045055946
2024-12-05,8.613157871048029e-07
2024-12-06,0.001303383858734935
2024-12-09,0.006705450747683396
2024-12-10,-0.0038581941528519504
2024-12-11,0.006666909059911479
2024-12-12,-0.008407368333472214
2024-12-13,-0.00263554626603309
2024-12-16,0.001772953495226775
2024-12-17,-0.00283801313567492
2024-12-18,-0.024394634687075686
2024-12-19,-0.0007204361077700901
2024-12-20,0.007668406841557535
2024-12-23,0.0022300479513028145
2024-12-24,0.005666542119833025
2024-12-26,0.00029984727793661096
2024-12-27,-0.00771002660464381
2024-12-30,-0.00655286161538844
2024-12-31,-0.001979238019137265
2025-01-02,0.002483252065163315
2025-01-03,0.005258320095484249
2025-01-06,0.003063053839227715
2025-01-07,-0.006626950903633005
2025-01-08,2.784008034294034e-05
2025-01-10,-0.00896108941972453
2025-01-13,-0.005179009709960355
2025-01-14,0.0051317396072261354
2025-01-15,0.01423981377746261
2025-01-16,0.0002818517380733001
2025-01-17,0.005605960115834355
2025-01-21,0.010698278412712856
2025-01-22,0.0037496469586911353
2025-01-23,0.0008221896581002699
2025-01-24,0.002998622317944525
2025-01-27,-0.01442446652591494
2025-01-28,0.008134343810781314
2025-01-29,-0.00203971885754816
2025-01-30,0.011454240140979045
2025-01-31,-0.005175291196638235
2025-02-03,-0.002625520961507935
2025-02-04,0.011805373300474563
2025-02-05,0.00357829665732861
2025-02-06,0.00205343595216377
2025-02-07,-0.003809322623775825
2025-02-10,0.01090410641234938
2025-02-11,-0.00316413796231751
2025-02-12,0.00042291894635916984
2025-02-13,0.010050865149276462
2025-02-14,9.368547113919166e-05
2025-02-18,0.005900738498911395
2025-02-19,0.00010918035348829
2025-02-20,0.002440565858131785
2025-02-21,-0.005775197308683334
2025-02-24,-0.006242252167523465
2025-02-25,-0.00402126995148382
2025-02-26,0.004871639514913571
2025-02-27,-0.018069240141869995
2025-02-28,-0.000505877596871395
2025-03-03,-0.0053225063295928
2025-03-04,0.0016159476657970594
2025-03-05,0.013565210708394294
2025-03-06,-0.010685844613724689
2025-03-07,0.0034842892552987446
2025-03-10,-0.019592826193481353
2025-03-11,0.0034811044330322447
2025-03-12,0.004877798156370331
2025-03-13,-0.0008968141070305648
2025-03-14,0.01255612722104278
2025-03-17,0.009885791526487756
2025-03-18,-0.002988924685947915
2025-03-19,0.00601276536875916
2025-03-20,-0.00446425831151785
2025-03-21,-0.0037940320800606254
2025-03-24,0.005338991926727904
2025-03-25,0.00128269438660305
2025-03-26,-0.007576264680046829
2025-03-27,0.0035118476834107596
2025-03-28,-0.010408325493917889
2025-03-31,0.004984758320914357
2025-04-01,0.003114641617726205
2025-04-02,0.0029625311011179
2025-04-03,-0.024383515657041423
2025-04-04,-0.04353133081239736
2025-04-07,-0.02167004103762955
2025-04-08,-0.01060461329081177
2025-04-09,0.06510686835677389
2025-04-10,-0.016089341785062078
2025-04-11,0.021472239747420838
2025-04-14,0.004913162268427824
2025-04-15,0.001072184757183395
2025-04-16,-0.003500880504744115
2025-04-17,0.0008816092638750749
2025-04-21,-0.0016025893996091944
2025-04-22,0.0099441649074019
2025-04-23,0.004577587464681254
2025-04-24,0.01599123854002437
2025-04-25,0.0001077548066198801
2025-04-28,0.0048168010892773545
2025-04-29,0.00128121443232524
2025-04-30,-0.0017687317177557502
2025-05-01,-0.002830375614414485
2025-05-02,0.013628679851422978
2025-05-05,0.0076768199247934585
2025-05-06,0.003188446816378624
2025-05-07,-0.006191131652840185
2025-05-08,-0.003746844715846505
2025-05-09,0.004012869126797649
2025-05-12,0.010262152641656119
2025-05-13,0.0045217149852656005
2025-05-14,-0.0022382309507408054
2025-05-15,0.005579065312134415
2025-05-16,-0.00140164633880367
2025-05-19,0.0039730389909494995
2025-05-20,0.00250595330497512
2025-05-21,-0.00544229570232232
2025-05-22,-0.0025014708646206
2025-05-23,0.004601631291760726
2025-05-27,0.0028530848948757253
2025-05-28,-0.004133528979210115
2025-05-29,0.004577202247090245
2025-05-30,-0.00618303276218595
2025-06-02,0.010174284609581755
2025-06-03,0.0004595431872229997
2025-06-04,0.007907021325220889
2025-06-05,-0.001255595053863355
2025-06-06,-0.0005448973871212499
2025-06-09,0.004609154793550994
2025-06-10,0.004415307118616345
2025-06-11,0.0021848180071336906
2025-06-12,0.0058066721964975905
2025-06-13,-0.006897254657197325
2025-06-16,0.0031538408928101598
2025-06-17,-0.00604426630576269
2025-06-18,-0.0013000210552528851
2025-06-20,-0.0032897516635714396
2025-06-23,0.006955629111997974
2025-06-24,0.009637955674031046
2025-06-25,0.0016429977961894048
2025-06-26,0.00511717668582774
2025-06-27,-0.005335277691334866
2025-06-30,0.006731508480055105
2025-07-01,0.0018025715960184898
2025-07-02,0.00397786090706033
2025-07-03,0.0018185804014274796
2025-07-07,-0.008016238677777026
2025-07-08,-0.0005727563832100251
2025-07-09,0.003531586246292585
2025-07-10,0.0017723029241399851
2025-07-11,-0.00102470772282379
2025-07-14,0.00021074576965858
2025-07-15,0.0002762013479183749
2025-07-16,0.0036888884488089904
2025-07-17,0.0035546800878864847
2025-07-18,-0.00023566082215563993
2025-07-21,0.008035350757918211
2025-07-22,0.0024184434901904197
2025-07-23,0.0017999257544635602
2025-07-24,-0.0032379426706277597
2025-07-25,-0.0017623875090863202
2025-07-28,-0.00418399085579306
2025-07-29,0.00187477261656612
2025-07-30,-0.0074313453445732005
2025-07-31,-0.0016596524747148097
2025-08-01,-0.001631897154989825
2025-08-04,0.010341832366680775
2025-08-05,-0.000272535797945575
2025-08-06,0.0035547574858313053
2025-08-07,0.00522304692558401
2025-08-08,0.0017844805315473198
2025-08-11,-0.005239176578024865
2025-08-12,0.0069642524943685745
2025-08-13,0.006356709979671235
2025-08-14,-0.006759944319563971
2025-08-15,-0.001160544319665195
2025-08-18,0.0012537757800123249
2025-08-19,-0.006527019307415916
2025-08-20,0.000952391922374395
2025-08-21,-0.00343913758519602
2025-08-22,0.014894325299479347
2025-08-25,-0.0039974977906714945
2025-08-26,0.0020741089839775902
2025-08-27,-0.0011369258566111
2025-08-28,0.00529975715368657
2025-08-29,-0.0026368066361503544
2025-09-02,0.0024360004208053496
2025-09-03,0.0063606445038771955
2025-09-04,0.0011307702357635147
2025-09-05,0.008796349374415684
2025-09-08,0.008429337687263144
2025-09-09,0.0015523679585948249
2025-09-10,0.004333356011130069
2025-09-11,0.007461645004740799
2025-09-12,0.0004698068504996049
2025-09-15,0.007431249422309755
2025-09-16,0.002961671588906565
2025-09-17,-0.0011626042924061698
2025-09-18,-0.0008505297463531753
2025-09-19,0.00340871428512455
2025-09-22,0.0072353021801747
2025-09-23,9.470654386032023e-05
2025-09-24,-0.004846964605947875
2025-09-25,-0.00235110738112983
2025-09-26,0.0021578555689718603
2025-09-29,0.009195134942261669
2025-09-30,0.004188861999470795
2025-10-01,0.0046215772066269594
2025-10-02,0.0018285966285000199
2025-10-03,0.0022093424780244278
2025-10-06,0.00713915109947831
2025-10-07,-0.0021977136577291095
2025-10-08,0.00954210194241573
2025-10-09,-0.008967202018285084
2025-10-10,-0.018455253883612743
2025-10-13,0.021411545238096578
2025-10-14,-0.0022445031342527397
2025-10-15,0.011496715052327489
2025-10-16,0.007213106437341141
2025-10-17,-0.00313623265927202
2025-10-20,0.01750015094724646
2025-10-21,-0.020067138986353095
2025-10-22,-0.002464663171613075
2025-10-23,0.005537080285446804
2025-10-24,0.004312515429330515
2025-10-27,0.0015403961192537994
2025-10-28,-0.00011553891568343505
2025-10-29,0.0007869156946074297
2025-10-30,-0.0033337661215837545
2025-10-31,-0.00126864841210181
2025-11-03,0.00340287913551043
2025-11-04,-0.015534800774085903
2025-11-05,0.00639614556738306
2025-11-06,-0.00645674634905578
2025-11-07,-3.832712436960991e-05
2025-11-10,0.018432127912065263
2025-11-11,0.0017603554639831001
2025-11-12,0.004201412292863625
2025-11-13,-0.012574896379484335
2025-11-14,-0.00484549450308243
2025-11-17,-0.00948995881766634
2025-11-18,-0.0030709130879770794
2025-11-19,0.00044319842442842503
2025-11-20,-0.010420746762497267
2025-11-21,0.00245858284237175
2025-11-24,0.014149504525049629
2025-11-25,0.00373934996394915
2025-11-26,0.00731113915708634
2025-11-28,0.00515493706599825
2025-12-01,-0.0014992100855314799
2025-12-02,5.678271968675007e-06
2025-12-03,0.001190961208185655
2025-12-04,-0.0004732850087299051
2025-12-05,0.002616449051406485
2025-12-08,-0.0024976967988762553
2025-12-09,0.000861552907978845
2025-12-10,0.006946478146040385
2025-12-11,0.0007505252722683606
2025-12-12,-0.008196414191902375
2025-12-15,-0.00171941180281055
2025-12-16,-0.0017281554830529799
2025-12-17,-0.004938950645399835
2025-12-18,0.007282183267155405
2025-12-19,0.006608684162371289
2025-12-22,0.009020758559537705
2025-12-23,0.006775039925703825
2025-12-24,0.00124129042748346
2025-12-26,0.0049829296884480526
2025-12-29,-0.012909263084327752
2025-12-30,0.000817397320380555
